name,email
Mjbt Paiiubio,mjbt.paiiubio162@gmail.com
Wtdkwa Wyctwzm,wtdkwa.wyctwzm917@example.com
Mmfzlc Iywelf,mmfzlc.iywelf987@example.com
Sfnbfa Loptphl,sfnbfa.loptphl984@outlook.com
Skubulz Ermnaiv,skubulz.ermnaiv779@gmail.com
Uvxv Xzkrlud,uvxv.xzkrlud283@example.com
Lounx Exzhdown,lounx.exzhdown979@yahoo.com
Baelq Zottnx,baelq.zottnx208@yahoo.com
Tpfuwlm Liqzeji,tpfuwlm.liqzeji44@example.com
Txnvpy Vjggkhpf,txnvpy.vjggkhpf323@example.com
Fstd Iybtdcpo,fstd.iybtdcpo72@example.com
Edpx Vykpcq,edpx.vykpcq27@example.com
Uherjlq Lhypwhrv,uherjlq.lhypwhrv794@yahoo.com
Bhjku Ahvmskm,bhjku.ahvmskm712@gmail.com
Jxbvbm Ytdfd,jxbvbm.ytdfd932@gmail.com
Xlig Iknrpdjw,xlig.iknrpdjw575@yahoo.com
Tvpuafb Dqqyxxk,tvpuafb.dqqyxxk645@outlook.com
Fdpju Ctgkqjtu,fdpju.ctgkqjtu219@outlook.com
Gltoso Bzhkn,gltoso.bzhkn479@gmail.com
Sakziq Ifcpm,sakziq.ifcpm130@yahoo.com
Ewloez Crgrp,ewloez.crgrp286@gmail.com
Tenmke Akxvkquc,tenmke.akxvkquc947@outlook.com
Swdrmqw Njpjbhr,swdrmqw.njpjbhr393@yahoo.com
Znpcv Cbxspb,znpcv.cbxspb382@outlook.com
Ydfr Tnwennb,ydfr.tnwennb848@example.com
Fprogt Gtsofjlx,fprogt.gtsofjlx11@yahoo.com
Tffi Uahkwykc,tffi.uahkwykc538@outlook.com
Vecn Cbpunwg,vecn.cbpunwg502@gmail.com
Dheztq Bzfoik,dheztq.bzfoik387@yahoo.com
Dguczig Upqlvn,dguczig.upqlvn141@gmail.com
Fdgtv Wwktua,fdgtv.wwktua631@outlook.com
Uzmlhc Ddfyjbke,uzmlhc.ddfyjbke622@example.com
Bhve Yijuvoi,bhve.yijuvoi835@gmail.com
Ybmqn Tousmxi,ybmqn.tousmxi303@yahoo.com
Dejp Dkomv,dejp.dkomv424@example.com
Gxfjgeb Ritobnxj,gxfjgeb.ritobnxj35@yahoo.com
Ufbgfyx Difzu,ufbgfyx.difzu408@example.com
Zyoho Oaalam,zyoho.oaalam623@outlook.com
Dngzhhq Nmmxznap,dngzhhq.nmmxznap669@outlook.com
Rsujwr Ykmufphz,rsujwr.ykmufphz791@example.com
Jgvw Hdtpqfi,jgvw.hdtpqfi464@yahoo.com
Wpng Bqlkwhu,wpng.bqlkwhu652@outlook.com
Dezme Szadorqe,dezme.szadorqe833@outlook.com
Lfrf Buwouh,lfrf.buwouh958@example.com
Ayky Dmozotjc,ayky.dmozotjc227@yahoo.com
Ntcihm Ksxlxce,ntcihm.ksxlxce774@example.com
Ontfwhi Bmtpwb,ontfwhi.bmtpwb457@yahoo.com
Ffbeu Fmrsfl,ffbeu.fmrsfl500@gmail.com
Uqfle Avqarkt,uqfle.avqarkt143@gmail.com
Mxrxcrh Bpimkghi,mxrxcrh.bpimkghi92@outlook.com
